,zipcode,population,5_years_or_less,5-9_years,10-14_years,15-19_years,20-24_years,25-34_years,35-44_years,45-54_years,55-59_years,60-64_years,65-74_years,75-84_years,85_years_or_more,households,"$9,999_or_less","$10,000-$14,999","$15,000-$24,999","$25,000-$34,999","$35,000-$49,999","$50,000-$74,999","$75,000-$99,999","$100,000-$150,000","$150,000-$199,999","$200,000_or_more",median_household_income,mean_household_income,gini
11903,37013,90073,7738,6449,5793,5540,6516,18478,14935,11333,4733,3615,3523,1093,327,33117,4.6,3.6,10.2,12.7,20.6,22.3,11.8,9.6,3.1,1.6,48423,60378,0.18498787146250986
11905,37015,18361,1224,1572,1086,1141,963,2085,2502,2738,1413,1012,1674,691,260,6734,5.9,4.1,13.2,14.4,16.5,19.5,13.2,11.0,1.7,0.6,47253,55871,0.1879205739060474
11914,37027,53242,3147,4130,4314,4381,1882,4475,7853,8871,3902,3252,4540,1916,579,18642,1.4,1.3,2.6,4.2,7.3,12.3,10.9,20.9,11.6,27.6,119570,168343,0.15718487185389812
11916,37029,5484,252,303,369,312,214,577,755,862,437,365,743,248,47,1943,3.0,2.3,5.8,6.2,13.7,21.8,15.7,18.3,4.6,8.6,70907,92858,0.1826349955011175
11946,37072,31392,1876,1766,1711,1868,1607,4401,3681,4769,2573,2213,3024,1500,403,12458,4.8,4.6,9.9,10.4,13.4,22.0,15.5,14.5,3.3,1.6,57846,67419,0.1855381202635287
11950,37076,37749,3276,2368,2022,1330,2742,7765,4797,4820,2136,1996,2471,1519,507,15720,5.5,3.1,9.8,13.0,16.0,22.6,14.3,11.7,2.7,1.5,52193,62153,0.18455091173148305
11953,37080,7079,388,278,287,413,212,776,795,1209,635,757,818,383,128,2895,5.8,2.6,12.8,10.4,15.0,18.9,12.4,18.2,1.0,2.8,54611,65632,0.19305464605991218
11967,37115,39846,2954,2970,2550,2326,2546,6404,4966,4704,2981,2361,2751,1541,792,16025,10.2,8.8,15.7,14.2,17.8,17.5,8.7,4.6,1.7,0.7,35758,45942,0.2064078684152034
11969,37122,51660,3588,3940,3676,3514,2181,5703,7836,7821,3323,3491,4375,1752,460,18587,2.0,1.7,7.1,6.4,12.2,20.7,17.7,19.7,7.6,5.0,74866,88803,0.17255986090412317
11978,37138,23408,1340,1269,1631,1255,1287,2653,3504,3612,1531,1715,2408,1030,173,8933,5.1,5.6,7.7,10.0,12.9,18.9,18.2,13.8,4.1,3.8,58849,76599,0.19420966374682117
11982,37143,3847,246,199,293,274,149,289,758,593,248,304,374,97,23,1378,8.6,3.1,7.3,12.5,12.6,19.2,20.2,11.5,3.2,2.0,57635,64148,0.19073379441280178
12009,37189,3476,324,214,223,101,100,594,643,390,232,273,224,116,42,1258,6.9,1.3,13.8,7.6,24.3,17.6,14.6,11.8,1.4,0.6,48115,56659,0.18015307986775708
12012,37201,1870,19,0,0,90,250,689,335,214,105,41,127,0,0,681,5.3,0.0,15.4,2.8,8.4,33.9,17.8,6.3,9.1,1.0,58508,69240,0.17472593376628037
12013,37203,12068,548,614,497,459,1849,3340,1184,1412,703,607,510,300,45,5777,21.0,8.5,12.8,8.6,9.5,16.7,8.5,8.5,2.0,4.0,33072,54814,0.2578386194929143
12014,37204,13169,650,471,489,1276,1558,2709,1583,1390,897,690,884,357,215,5531,6.3,5.2,5.9,9.9,11.3,14.4,12.6,17.5,7.4,9.6,69482,95025,0.2093434028284006
12015,37205,24341,1226,1234,1342,1069,1086,3554,2697,3172,2000,1815,2477,1462,1207,10875,3.5,3.1,6.6,7.4,8.6,14.3,10.9,15.2,9.1,21.2,86824,151847,0.1954676514714368
12016,37206,26323,1888,1604,1218,1433,2056,5811,3896,3457,1580,1243,1329,672,136,10849,12.1,6.9,11.3,10.1,17.0,14.2,10.1,10.6,4.0,3.9,43782,62981,0.2329220293946691
12017,37207,35497,2738,2483,2566,2796,2228,4977,4575,4485,2627,1934,2537,1105,446,13591,9.7,10.6,17.6,15.1,16.2,15.2,8.6,5.9,0.8,0.3,32396,42604,0.206753388642206
12018,37208,16251,1041,1075,878,1168,1928,2769,1852,2207,836,960,952,361,224,6747,20.3,8.5,17.4,11.0,13.5,13.8,8.7,4.6,0.6,1.5,27280,43298,0.23947144001478834
12019,37209,37308,2719,1760,1511,2542,4001,9310,5047,3937,1841,1585,1865,927,263,14132,8.8,4.7,13.8,11.2,16.7,18.7,9.7,9.1,3.7,3.6,45224,61263,0.21851298321783408
12020,37210,16326,1535,1081,975,1037,1558,3013,1868,2208,995,647,680,488,241,6536,16.8,11.2,16.1,15.1,15.1,14.0,5.1,4.9,0.7,1.1,29035,40374,0.23049763970400616
12021,37211,77960,6199,6788,4045,3285,6302,16936,11626,8935,4215,2920,3348,2394,967,29828,7.8,5.3,13.6,13.8,17.3,16.5,11.3,8.2,3.9,2.3,42392,58628,0.21285975503062116
12022,37212,20130,701,494,518,3482,5345,3767,1969,1139,878,675,641,232,289,6583,10.3,5.3,10.5,8.0,10.7,13.7,10.5,14.6,6.8,9.6,54140,91187,0.23045934343434343
12024,37214,29555,1665,1557,1299,1544,1588,5641,4419,4585,1917,1742,1927,1226,445,13227,3.6,3.8,10.0,9.9,18.2,24.2,18.2,9.3,1.6,1.2,52743,61224,0.16783105154639175
12025,37215,21691,1025,1195,1160,854,1171,3040,2938,2963,1616,1598,2180,1135,816,9708,2.0,2.5,5.1,6.4,9.7,12.2,10.3,16.2,9.4,26.3,103693,170897,0.1815954926866015
12026,37216,18479,1129,897,713,922,994,3686,2612,2930,1343,1157,1176,656,264,7834,8.2,5.8,10.5,12.1,17.4,22.5,11.3,8.1,3.1,0.9,45472,55841,0.19580944404201375
12027,37217,28885,2666,1750,1489,1391,2120,6087,4538,3967,1720,922,1478,640,117,12273,7.3,4.1,15.0,14.9,20.2,20.4,8.8,7.4,1.1,0.8,42455,49645,0.18883595432463568
12028,37218,15044,786,734,919,957,1291,1746,1643,2144,1138,971,1418,1011,286,5290,10.9,8.1,14.2,8.0,17.5,19.6,9.8,8.8,1.8,1.4,42733,52233,0.21349484287642187
12029,37219,1039,0,0,0,0,54,390,121,347,59,46,22,0,0,856,13.2,3.4,17.1,11.2,4.3,16.1,11.2,15.1,3.5,4.9,50700,69597,0.23510131498000614
12030,37220,5611,257,355,305,221,257,722,820,836,399,394,575,321,149,2316,0.6,1.6,2.9,4.1,7.5,18.4,12.6,22.2,13.0,17.1,104297,139953,0.1605672279764853
12031,37221,39313,2027,2354,2552,1912,1879,6050,5783,6382,2708,2617,2689,1713,647,16446,3.4,3.0,5.0,8.2,12.3,19.6,14.3,19.8,6.8,7.7,71726,94417,0.18561761503638763
12032,37228,1226,66,45,0,127,205,138,109,179,32,61,119,49,96,635,36.2,11.0,16.7,20.5,8.7,5.2,0.0,0.0,1.7,0.0,15540,22202,0.23716445403252578
24107,70005,25213,1397,1273,1001,915,1575,3334,3338,3511,2114,1703,2604,1553,895,11340,7.0,4.8,9.3,10.9,13.3,15.7,10.1,14.6,5.6,8.9,55721,95481,0.22125257368269138
24111,70032,4544,488,300,344,162,418,751,489,608,281,279,221,141,62,1678,9.7,6.2,15.1,16.3,17.2,13.6,10.2,8.4,1.8,1.5,38284,49459,0.21459748115827054
24124,70053,16365,1194,1017,1026,785,1067,2849,2134,2127,1041,1023,1151,621,330,6276,14.1,10.0,15.4,11.4,15.8,12.5,8.1,8.5,2.8,1.4,33849,50183,0.23732912701696315
24149,70112,2901,115,138,167,150,348,791,385,309,185,172,103,29,9,1494,28.0,7.0,7.8,9.6,4.8,17.0,5.4,10.1,5.4,4.9,31864,58126,0.2754023886888557
24150,70113,7841,507,473,379,501,457,1260,829,1268,610,559,584,290,124,3537,32.2,14.6,17.5,9.1,7.4,7.7,3.7,4.1,1.8,1.8,16149,33760,0.28722916666666665
24151,70114,25456,2285,1931,1753,1499,1981,3309,3051,3545,1642,1651,1546,759,504,9756,20.5,8.3,16.8,13.2,11.1,13.8,7.0,5.9,1.7,1.6,27349,43009,0.2483629564193169
24152,70115,34775,2046,1734,1371,954,1966,8020,4959,4403,2417,2034,2965,1265,641,15923,10.6,5.3,9.8,9.1,12.8,14.7,9.2,9.9,6.8,11.9,52293,97943,0.2383180353758685
24153,70116,11753,444,307,308,410,766,2338,1504,1707,1080,1020,1128,620,121,6235,16.8,9.7,16.1,10.1,10.8,13.6,8.1,6.5,3.6,4.7,31936,63335,0.260396796985398
24154,70117,22963,1221,1063,915,876,1677,4198,3110,3338,1610,1749,1919,900,387,10489,21.6,9.8,16.7,13.7,12.8,11.6,4.8,6.0,1.6,1.3,25958,40775,0.25160932374463785
24155,70118,36068,1685,1612,1633,3888,5189,5974,3928,3948,2167,1811,2454,1222,557,13212,15.6,7.9,13.6,8.4,9.9,11.9,8.5,11.5,3.9,8.7,41110,82405,0.2581744054786273
24156,70119,36626,1516,1585,1416,1597,2930,9308,5406,4738,2512,1806,2091,1178,543,16307,20.3,9.1,15.2,11.1,13.6,12.5,8.0,5.5,2.2,2.6,29190,48376,0.2549016891145948
24157,70121,11867,503,405,525,449,604,1550,1517,2389,910,1011,1083,438,483,5625,8.9,6.9,13.2,14.4,14.6,18.3,11.2,8.0,2.0,2.7,41188,55298,0.21545381452718132
24158,70122,34778,2252,2286,2117,2087,2537,5380,4168,4739,2140,2569,2648,1411,444,13537,15.1,7.5,15.5,11.8,12.5,15.5,9.6,7.2,2.5,2.9,35107,55053,0.24031396314940615
24160,70124,20781,1752,1090,1221,787,895,4038,3003,2702,1689,1226,1254,667,457,8387,4.4,3.3,4.1,5.7,12.0,16.3,12.1,19.2,9.6,13.3,83451,115592,0.19046182840430634
24161,70125,17040,1077,957,904,1586,1596,3138,2107,2188,914,860,873,462,378,6008,18.6,7.0,12.0,9.7,12.0,9.4,8.5,10.9,4.8,7.0,38031,67152,0.2625140948670033
24162,70126,25139,1630,2078,2077,1801,1883,3465,2672,3300,1632,1607,1804,750,440,9132,18.9,13.2,16.2,11.8,12.8,12.8,7.5,4.9,1.7,0.1,26177,38005,0.23768658274085186
24163,70127,25230,2239,2192,1870,1704,2108,3817,2706,3062,1796,1465,1445,589,237,9018,23.8,10.9,14.8,12.1,12.5,11.5,6.1,6.9,0.7,0.8,25467,37517,0.25152224396607964
24164,70128,19681,1315,1542,1344,1213,1737,3087,2188,2492,1475,1431,1315,434,108,7036,14.4,7.0,13.4,11.6,14.9,13.6,10.0,10.5,2.8,1.8,37259,53505,0.2324103708953461
24165,70129,10457,915,792,667,704,706,1826,1374,1172,678,557,624,403,39,3211,13.9,6.9,13.8,13.2,17.2,14.5,9.1,8.3,1.5,1.5,36455,49072,0.22387039612630708
24166,70130,13743,585,301,180,180,1080,4182,1852,1960,976,705,1062,470,210,8061,12.8,5.3,11.5,7.7,12.6,14.1,10.2,13.5,5.7,6.6,50135,82770,0.2363124154142033
24167,70131,31506,1847,1860,2177,2139,2281,4285,4154,4900,1996,1996,2135,1156,580,11797,7.3,4.6,12.2,13.0,13.2,15.6,13.5,10.8,4.6,5.2,49597,73327,0.21909121256200814
24234,70461,28396,1695,2540,2217,2145,1904,2720,3823,4474,1968,1468,2114,1124,204,9870,5.8,4.0,9.0,12.5,10.3,17.0,13.3,17.4,5.7,5.0,59859,77099,0.20412641120998806
30010,90001,57227,5355,5033,4827,5255,5181,9065,7860,6470,2337,1876,2434,1142,392,13438,10.9,8.7,17.3,15.2,18.8,14.2,8.3,5.2,1.2,0.3,33887,42625,0.20653101547842398
30011,90002,50626,4969,4483,4896,4898,4821,7249,6689,5888,2089,1495,1933,861,355,12134,13.0,12.4,17.0,12.7,16.5,13.9,7.4,5.3,1.4,0.4,30413,40278,0.22137345229424615
30012,90003,69502,6680,6332,6454,6665,6222,10213,9194,8807,2995,2013,2406,1091,430,16287,11.4,11.5,18.6,14.2,16.0,15.8,6.6,4.9,0.8,0.3,30805,39552,0.21061657259815175
30013,90004,64008,3906,3219,3799,3659,4540,12014,9899,9502,4046,3255,3696,1679,794,22726,7.7,7.5,15.4,13.3,15.5,15.4,7.3,7.7,3.8,6.5,40612,72532,0.23793860468896028
30014,90005,38979,2836,2046,2006,1771,2788,8399,6666,4977,1911,1677,2475,1039,388,15823,10.2,10.5,18.4,17.6,17.2,13.3,5.7,3.9,1.5,1.7,31142,45224,0.2197099805573558
30015,90006,61625,3927,4466,3655,4051,4872,11278,8747,8190,3707,2942,3708,1454,628,19156,7.4,9.3,20.5,19.3,19.5,14.0,5.6,3.3,0.5,0.7,31521,39123,0.19201929138822343
30016,90007,43426,1925,2099,1948,5020,12012,7570,3839,3447,1604,1054,1537,995,376,11707,25.1,12.3,16.4,12.5,11.4,11.1,5.5,4.5,0.5,0.7,22304,33382,0.2502181266895594
30017,90008,31837,1915,1268,1387,2025,2135,3895,3748,5242,2759,2017,2661,1947,838,14370,11.8,12.0,13.6,11.3,11.4,15.0,7.9,10.9,3.7,2.4,36564,56076,0.24039244546498284
30018,90010,3740,42,27,134,150,338,959,489,578,249,212,289,232,41,2180,12.7,6.6,13.5,7.1,13.3,19.3,8.5,11.1,3.9,3.9,45786,63806,0.23228292763565733
30019,90011,104058,9920,9513,9057,9603,8883,16480,16114,12145,4200,2998,2844,1753,548,22734,11.8,9.9,20.2,15.3,16.8,14.7,5.5,4.6,0.8,0.4,30251,38870,0.20974211061019746
30020,90012,30860,925,861,798,1149,3125,7610,5182,3632,1276,1442,2278,1885,697,10658,14.0,14.7,14.2,9.1,8.1,15.0,7.7,11.5,3.3,2.4,31576,52569,0.2503877005347594
30021,90013,11299,350,64,23,30,622,2771,2185,2119,1006,852,559,479,239,6592,24.6,20.5,10.8,5.7,5.4,8.0,9.0,9.1,3.4,3.5,19887,53527,0.2884969526611675
30022,90014,7006,103,20,12,49,280,2052,1338,962,606,398,683,457,46,4656,22.8,19.3,9.3,5.0,9.5,6.7,12.8,9.0,2.1,3.5,23642,51769,0.27655067271508843
30023,90015,18767,1421,974,1106,1270,1711,3798,3356,2034,756,645,881,684,131,7683,14.8,13.6,16.3,10.2,10.8,11.0,7.0,8.2,4.3,3.8,29684,56573,0.26246540850453887
30024,90016,47590,3156,2629,2813,3188,4278,7595,7257,6500,2814,2527,2838,1284,711,17146,11.0,8.6,15.0,11.4,14.5,17.3,11.1,7.3,2.1,1.7,38330,52082,0.22021551596870237
30025,90017,24336,1469,1292,1528,1439,2739,5811,4077,2247,930,738,1077,736,253,9981,18.9,13.2,21.3,10.5,10.4,8.7,5.9,5.2,2.9,2.9,22754,43541,0.26897145692271773
30026,90018,49824,3519,3342,3434,3285,4210,7646,6802,6344,3252,2590,2709,1794,897,15929,11.1,10.7,17.3,12.2,14.3,17.1,6.7,6.8,2.6,1.1,33864,47420,0.22600432415118507
30027,90019,67553,4203,3242,3747,3928,4622,11078,11160,10139,4251,3444,4371,2160,1208,24313,8.0,7.2,12.9,10.1,15.3,16.9,10.4,8.8,4.3,6.1,46571,73491,0.22953221202067742
30028,90020,39866,2129,2194,2059,1747,3359,8808,6950,5770,2097,1721,1662,904,466,16425,6.6,6.6,16.4,15.2,19.2,16.3,8.5,6.1,2.4,2.6,38849,63797,0.2119560349798193
30029,90021,2970,121,167,102,24,66,609,375,641,326,314,150,71,4,1712,34.5,22.9,11.0,4.2,6.0,9.3,2.3,6.0,2.7,1.0,12813,37432,0.2990098375657745
30030,90022,68136,5001,5695,4640,5503,6279,10163,10135,7611,3093,3015,3586,2347,1068,17216,7.7,9.6,15.1,14.2,16.5,19.4,8.8,6.2,1.8,0.8,37916,48362,0.20401892103205635
30031,90023,46288,3748,3551,3827,3789,4624,6679,7109,5273,2298,1711,2121,1035,523,11125,9.1,9.6,17.2,13.2,15.6,18.7,8.9,6.2,1.1,0.4,35736,44934,0.20402925590638107
30032,90024,50693,787,1052,753,10857,14339,6962,3649,3374,1882,1433,2356,1623,1626,17146,18.0,3.7,8.0,8.0,7.9,10.9,6.9,12.8,5.7,18.0,57202,118490,0.24792733751425317
30033,90025,46107,2065,1489,1108,1040,3835,13968,7781,4992,2268,2104,3102,1394,961,21934,6.2,3.7,8.1,6.2,10.3,17.3,13.1,17.0,8.0,10.2,71183,97416,0.20439381006218207
30034,90026,68520,3572,3388,3397,3786,4970,15514,11294,8893,3687,3149,3844,2066,960,25139,7.1,5.9,13.5,10.7,14.3,16.1,10.8,10.5,5.2,6.0,47993,71459,0.22611736933348084
30035,90027,46646,2117,1443,1460,1290,2147,11604,7878,6244,2735,2844,3795,2195,894,21953,8.0,8.3,11.7,9.0,11.1,16.8,11.2,13.0,4.1,6.7,51595,80500,0.2279326708432346
30036,90028,30380,871,606,769,1336,3849,9008,4767,3621,1374,1075,1590,888,626,15873,13.1,12.8,13.5,11.8,13.4,15.7,8.2,7.4,1.5,2.5,33582,48350,0.23745382503755114
30037,90029,40472,2310,2175,1944,1982,3455,8451,5975,5273,2491,1969,2461,1427,559,14169,8.5,10.4,16.4,15.9,14.5,17.3,8.7,5.7,1.2,1.4,33912,46169,0.21230119863938235
30038,90031,39422,2641,2530,2417,2805,3051,5935,5722,4994,2534,1915,2452,1472,954,11430,7.8,9.0,19.5,13.7,12.9,17.1,9.6,7.1,1.9,1.5,34994,50597,0.2166526224842448
30039,90032,47099,3134,2880,2890,3706,4376,7268,6748,6010,2561,2277,3105,1481,663,13111,7.3,6.6,13.5,11.2,15.7,18.5,11.0,11.0,3.5,1.8,45457,58494,0.20960053859964092
30040,90033,48277,3788,3709,3753,4752,4569,7112,5885,5967,2000,1995,2200,1617,930,13110,12.1,13.4,20.1,14.1,14.4,13.9,5.7,4.6,1.1,0.7,27622,38778,0.22256827437006868
30041,90034,58069,3220,1973,2245,1986,5201,16912,9081,6780,2654,2432,3394,1448,743,25769,9.3,2.9,9.3,7.7,13.8,19.3,13.4,13.7,4.8,5.8,58004,77982,0.21084205085796986
30042,90035,30852,2102,1574,1244,1190,1881,6262,4801,3796,1801,1703,2065,1455,978,13192,6.2,5.3,5.7,7.9,9.7,15.8,12.4,14.7,8.8,13.5,73794,110288,0.20956213654964462
30043,90036,37640,2023,1618,1547,1192,2500,9888,7266,4891,2063,1314,1504,986,848,18602,7.6,4.6,6.0,8.0,11.0,16.4,10.9,16.1,8.5,10.8,69894,98934,0.2116308923637814
30044,90037,62872,5724,4817,4847,5348,5769,10307,9011,7862,2968,2048,2187,1493,491,16603,11.7,13.0,21.6,14.8,15.3,12.7,5.3,4.2,1.0,0.3,27179,37157,0.21523493292398055
30045,90038,28577,1962,1471,1226,1326,2892,6664,4565,3701,1335,1221,1489,522,203,11781,9.6,11.0,18.3,12.2,13.3,15.0,8.1,7.2,2.8,2.6,33800,52802,0.23487483953786914
30046,90039,28149,1213,1374,1191,1091,1414,5495,5203,4014,1647,1552,2176,1283,496,11443,3.7,5.1,8.3,9.9,10.6,15.1,12.7,17.7,7.8,9.1,70560,97230,0.2043795901187262
30047,90040,12699,835,898,860,1026,941,1966,1618,1406,752,679,989,440,289,3465,6.8,10.4,12.5,9.6,16.9,17.7,11.6,10.7,3.2,0.7,44964,53948,0.2072647377448768
30048,90041,28796,1566,1373,1215,2233,2188,3828,3901,3917,2005,1844,2398,1554,774,9591,6.1,5.7,9.0,7.1,11.7,17.2,9.9,16.7,7.6,9.0,63358,88588,0.21330207176099678
30049,90042,62650,3961,4155,3500,4217,4417,11280,9491,7939,3753,3159,3985,2045,748,19846,6.7,5.3,13.0,10.3,14.9,17.9,11.4,12.0,5.2,3.3,49630,65797,0.21298144310113223
30050,90043,43129,2779,2218,2493,2655,2919,5687,5628,6494,3480,2315,3452,1767,1242,16631,9.7,13.3,12.9,11.8,10.3,13.1,9.2,10.9,4.9,3.9,38180,63343,0.24408609369081197
30051,90044,88975,7860,7569,6970,7066,7311,13267,11583,11530,4808,3552,4177,2356,926,26326,13.9,10.8,19.5,14.1,14.3,13.6,7.1,4.6,1.4,0.6,29206,40429,0.22414062499999998
30052,90045,41922,2004,1572,1984,4205,4718,7020,5052,5808,2203,2141,2801,1400,1014,15740,6.8,2.7,6.9,8.5,7.8,17.1,11.7,15.8,10.9,12.0,75684,105568,0.20477222000797127
30053,90046,51651,1216,1150,902,943,3394,13875,9590,7853,3050,2629,3455,2026,1568,29069,7.3,8.5,10.1,6.9,11.3,14.5,11.0,13.4,5.2,11.8,57941,100249,0.23011639303713322
30054,90047,48678,3066,3124,3481,3676,3858,5937,5965,7299,3342,2127,3698,2573,532,16604,11.9,9.1,11.7,13.2,13.3,17.4,10.2,9.3,2.5,1.4,39269,51763,0.22239299760191847
30055,90048,22498,1255,507,315,458,1543,5989,4234,2349,1288,1197,1667,945,751,11957,5.8,3.8,5.9,5.1,9.4,18.4,12.6,15.0,8.7,15.3,78940,117366,0.2010951260676111
30056,90049,35427,1725,1487,1615,1553,2021,5850,5169,4455,2244,2221,3663,2201,1223,16259,4.1,2.2,4.3,4.1,6.2,11.6,10.9,16.4,11.5,28.7,115629,203686,0.17228035492212634
30057,90056,8537,326,329,615,558,443,586,831,1269,904,949,699,499,529,3471,4.1,2.4,5.0,8.9,10.6,16.0,7.2,19.7,10.3,15.8,84099,121296,0.19404802081307138
30058,90057,46509,2804,3091,3059,2779,3304,9667,8131,5001,2421,1904,2384,1318,646,16149,11.0,12.3,21.2,16.4,15.7,13.8,5.1,3.4,0.6,0.4,27890,36914,0.20665306812800224
30059,90058,2680,268,262,230,316,208,338,361,359,148,75,69,31,15,802,32.9,11.3,18.1,4.7,10.8,15.7,5.0,1.1,0.1,0.1,17018,29280,0.24431331454737587
30060,90059,44648,4249,4524,4711,4044,3987,6844,5031,5359,1958,1577,1342,622,400,9933,14.5,9.6,13.9,13.9,15.4,15.4,8.8,5.5,2.6,0.3,32506,44163,0.22317644409413362
30061,90061,28135,2824,2341,2279,2395,2685,4153,3183,3559,1431,916,1299,741,329,7223,14.4,10.3,14.5,12.6,14.1,17.5,8.0,6.6,1.7,0.3,33731,44364,0.22164903383011275
30062,90062,33353,2884,2138,2139,2337,2737,5014,4445,4696,1979,1714,1834,1061,375,9440,10.9,11.6,14.6,13.3,15.5,16.8,9.3,6.5,0.7,0.9,34588,45127,0.2141888321492007
30063,90063,53813,3997,4431,3860,4780,5060,7818,7650,6279,2724,1954,3015,1646,599,13390,7.3,8.7,16.5,11.5,16.2,19.6,10.7,7.3,1.4,0.9,40006,49949,0.20202069727720282
30064,90064,26384,1636,1712,1441,936,1556,4084,4143,3442,1830,1398,2147,1246,813,10771,6.3,2.1,5.1,7.7,9.9,12.0,13.1,13.8,9.9,20.1,87283,137077,0.19985267951705146
30065,90065,46904,2934,2757,2559,2926,3206,7135,7533,6533,2876,2571,3172,2015,687,14931,6.6,6.3,10.5,10.6,13.3,17.1,10.1,12.5,5.5,7.4,54078,78633,0.22282475674934904
30066,90066,59124,3692,2838,2578,2344,3713,11956,10190,8458,3284,2649,4191,2071,1160,24434,5.9,3.4,8.4,7.6,11.8,17.1,12.7,16.0,7.0,10.1,68132,95379,0.20701974718937496
30067,90067,2330,143,96,28,4,40,156,374,214,137,97,353,417,271,1428,6.2,1.8,10.7,4.7,5.4,10.6,12.5,12.1,2.5,33.5,97891,212657,0.19837907439135308
30068,90068,21233,743,608,510,590,1053,4989,4474,2908,1553,1249,1370,686,500,11845,7.3,4.1,6.8,7.7,8.9,15.6,9.4,12.3,8.2,19.6,73693,129224,0.2144773479831427
30069,90069,20132,303,233,216,213,954,5272,3553,4063,1466,1109,1416,1098,236,12551,6.5,4.5,5.3,8.2,9.2,13.9,13.6,15.1,8.6,15.0,78979,128939,0.20718542752867572
30072,90077,8844,433,656,601,436,428,548,1025,1386,572,593,1240,651,275,3341,1.4,1.5,2.3,4.8,5.1,9.1,8.0,12.2,12.1,43.4,164281,251632,0.13936681874740772
30076,90094,6858,610,423,122,337,548,1586,1634,832,165,227,280,66,28,3100,5.7,3.1,7.5,7.8,5.1,12.6,6.4,17.2,11.0,23.6,104367,131195,0.1961416193869024
30078,90201,102946,9193,9094,9049,9276,9043,15899,14801,12038,4709,3312,3892,1958,682,24107,7.1,6.8,16.1,15.7,19.6,18.3,8.7,6.1,1.3,0.3,37254,46076,0.19103354410031087
30079,90210,22052,960,1325,1254,1164,757,2733,2372,3397,1348,1331,2802,1441,1168,8398,7.9,4.5,4.5,3.0,4.0,7.0,6.6,14.5,8.9,39.0,145227,292359,0.1728575638687812
30080,90211,7530,233,313,493,413,431,1202,1073,998,616,424,615,458,261,3514,6.3,2.8,6.8,6.4,11.1,22.1,8.0,14.8,8.2,13.6,69638,122849,0.20681988651715755
30081,90212,12577,592,655,783,810,805,1877,1673,2130,587,685,1167,545,268,5716,8.4,2.9,4.2,3.7,7.5,13.2,11.8,19.7,9.5,19.1,92476,147968,0.19345616387681494
30082,90220,50715,4156,3989,3802,4472,4381,7262,6132,7032,2808,1820,2776,1464,621,13182,7.7,6.7,12.7,9.2,15.8,21.8,11.7,11.3,2.3,0.9,47882,56436,0.19825590933145182
30083,90221,54236,4586,4937,4511,5115,5233,8176,7505,6323,2429,1755,2343,1103,220,11886,7.9,5.1,13.8,14.7,16.3,19.3,10.9,8.5,2.9,0.7,41960,52311,0.20058553123830905
30084,90222,31875,2987,2504,3175,3057,2624,4665,3896,4012,1346,968,1548,581,512,7832,9.3,9.5,16.0,12.9,16.7,16.6,9.9,7.6,0.7,0.8,37881,46450,0.20772367368701677
30085,90230,31978,1600,1856,1992,1640,1818,5142,5043,4355,1883,1865,2924,1211,649,12915,5.1,4.1,9.0,7.0,9.1,15.9,12.9,19.5,8.6,8.8,74823,97146,0.20056639121575737
30086,90232,15708,880,620,713,820,1092,2580,2628,2106,932,1018,1248,588,483,6388,6.1,3.3,7.2,6.1,10.8,14.9,15.3,14.9,8.1,13.2,77004,105790,0.2041007122698562
30087,90240,26655,1707,1475,2003,1772,2245,3527,4346,3472,1686,1191,1737,954,540,7181,1.9,2.1,4.1,6.2,13.3,19.9,16.1,18.0,7.2,11.2,76907,99309,0.1795320979833175
30088,90241,43592,3076,2810,3113,3044,2920,6772,6695,5369,2966,1930,2637,1569,691,13440,4.3,4.5,8.2,11.2,15.2,20.7,14.7,13.2,4.3,3.7,57372,71443,0.19331102616560789
30089,90242,43160,2995,2933,3603,3279,3911,6441,6235,5622,2313,2097,2192,1004,535,12117,5.7,3.8,8.9,10.4,12.4,23.1,15.9,14.1,3.7,2.1,58669,67144,0.18662175011142473
30090,90245,16929,1135,745,1122,1228,877,2290,2514,3034,1322,977,880,572,233,6747,3.2,2.6,5.0,5.0,8.0,18.4,14.6,17.9,12.0,13.1,85727,112182,0.1808419926055653
30091,90247,48032,3273,3342,2892,2754,3039,7244,6721,6754,2874,2464,2881,2434,1360,16053,8.1,6.7,13.8,14.1,13.2,17.8,10.8,9.5,3.8,2.1,42926,57568,0.21623587589164583
30092,90248,10166,582,409,525,727,694,1135,1006,1590,726,703,972,805,292,3432,4.8,6.1,12.0,7.2,14.7,19.4,14.4,11.9,4.6,4.9,53306,70584,0.20631190424998208
30093,90249,26627,1745,1492,1873,1982,1898,3115,3564,3838,1626,1531,2360,1028,575,8739,7.5,4.5,8.6,11.5,16.3,17.7,9.3,16.9,4.4,3.4,51181,70957,0.20761997215913253
30094,90250,95939,6664,7426,7071,6368,7749,16496,13916,12103,5400,4203,5089,2552,902,31813,7.5,5.1,11.4,13.0,16.6,19.0,11.2,9.8,4.1,2.5,46172,61524,0.20902137388785433
30095,90254,19747,1151,1114,936,511,637,3891,3826,3060,1221,1150,1334,612,304,9197,2.7,2.4,3.5,3.0,5.9,14.0,13.5,16.2,15.2,23.6,111187,165341,0.16577269255507315
30096,90255,76180,6318,5847,5762,6291,7032,11800,10725,9212,3762,3405,3559,1893,574,18456,6.1,8.6,19.5,14.6,16.8,17.2,8.7,6.9,1.0,0.6,35917,46392,0.19908532909961782
30097,90260,35866,2835,2472,2596,2351,2773,5498,5591,5318,1631,1625,1914,883,379,10501,5.2,5.7,10.0,11.7,15.9,19.2,13.8,11.5,4.1,3.0,51648,65546,0.20098544474393534
30098,90262,71163,5950,6125,6071,6787,6053,11388,10347,8279,3200,2343,2660,1531,429,15134,7.2,6.1,12.4,12.8,19.3,20.0,10.3,8.7,2.5,0.7,43231,54635,0.19563096741010894
30100,90265,18258,608,766,1139,1411,992,1323,1754,3190,1942,1255,2084,1225,569,7206,4.3,2.8,6.4,3.8,5.2,9.9,7.5,18.0,10.8,31.3,123681,227428,0.1729525870396847
30101,90266,35603,2131,2564,2650,2027,1133,3459,5216,6350,2552,2120,3067,1573,761,13644,2.4,1.5,3.3,3.4,5.6,10.9,8.5,16.0,12.9,35.7,143527,214496,0.15175919166504245
30103,90272,23934,1436,1700,1822,1657,635,1206,2759,3932,1793,1783,2880,1603,728,9185,2.5,1.8,3.2,3.3,4.9,8.9,7.0,15.9,8.9,43.6,166021,301261,0.14332381671701916
30104,90274,25778,973,1492,1964,1734,790,1351,2341,4652,2139,1828,3245,2415,854,9442,3.0,0.6,3.0,3.3,4.4,10.4,9.1,13.8,10.9,41.4,157465,223270,0.14413090526101213
30105,90275,42593,1412,2540,3115,2936,1434,2471,4493,7470,3071,2821,5116,4004,1710,15861,3.0,1.4,4.2,4.7,6.0,11.6,10.0,19.7,15.2,24.2,118790,147656,0.16440861045130642
30106,90277,35178,2098,1442,1865,1446,1343,5275,5430,5923,2805,2139,3018,1466,928,16081,3.8,2.7,4.8,5.3,7.3,13.4,12.6,21.4,12.9,15.8,100080,125698,0.1788579558388345
30107,90278,40485,2845,3033,2072,1700,1744,5654,7865,6948,2561,1976,2466,1242,379,15430,2.1,3.2,5.1,5.9,8.0,11.9,11.1,20.4,15.8,16.5,107010,125197,0.1755924360498393
30108,90280,95350,7105,7455,7216,7886,8502,15143,13192,11525,5187,4185,4821,2274,859,23398,5.3,5.8,13.3,14.7,17.0,19.3,12.0,9.6,2.0,1.0,43552,54546,0.1927649665893904
30109,90290,6478,383,749,393,313,144,525,761,1583,479,277,518,298,55,2347,4.1,1.2,3.5,8.4,6.3,17.2,9.9,17.6,6.9,25.1,99505,140495,0.18455446335983405
30110,90291,27167,1414,1072,659,686,1732,6408,5514,3734,1339,1409,2021,817,362,13779,6.9,4.0,7.3,7.6,8.2,13.9,12.1,15.4,8.9,15.5,80111,118336,0.20949090107839072
30111,90292,21679,1033,503,355,489,1124,4753,4066,2541,1717,1578,2093,959,468,11963,4.7,3.3,5.2,5.7,7.1,13.2,10.2,22.7,10.3,17.4,100507,132672,0.18533176838810642
30112,90293,12458,441,225,267,100,833,3286,1896,1715,895,911,1154,479,256,6689,3.5,2.1,6.4,6.0,9.0,17.7,13.3,19.2,7.3,15.5,82055,121164,0.18875634109524633
30113,90301,36360,2683,2689,2233,2541,2906,6141,4658,4964,1972,1738,2492,957,386,12150,8.5,8.5,16.3,13.5,18.3,16.6,10.9,5.8,1.1,0.5,37424,47052,0.19957066010704444
30114,90302,30482,2497,2641,2008,1763,1703,5746,4504,3860,1739,1490,1534,724,273,10859,8.7,5.6,13.6,14.5,16.7,17.4,8.7,10.0,2.9,1.9,41426,55704,0.21361258038221168
30115,90303,26408,2142,2321,2026,2203,2142,4067,3434,3063,1416,1208,1559,574,253,7327,9.0,6.7,15.6,14.5,13.7,18.6,9.0,8.3,3.2,1.3,39671,53297,0.21499938130592045
30116,90304,26854,2200,2162,2647,2073,2464,4422,3458,3294,1673,1025,1019,253,164,6535,6.9,7.8,19.7,13.9,15.1,19.5,7.9,6.2,2.0,1.0,36412,48012,0.20578109879818957
30117,90305,15665,1012,797,814,845,1010,1670,2044,2295,1267,1295,1495,832,289,5854,5.8,4.2,6.1,10.6,12.9,18.6,15.0,15.4,7.1,4.3,65633,81169,0.19708982872546765
30118,90401,7297,120,79,56,165,604,2234,1112,949,499,226,607,417,229,4686,7.9,10.1,8.0,5.2,9.0,15.8,7.5,17.6,10.1,8.6,62703,93397,0.2223895855726741
30119,90402,11661,390,588,871,567,255,1042,1420,1652,915,1130,1642,895,294,5165,5.5,3.5,3.7,6.1,4.8,8.9,5.7,15.5,8.4,37.9,134638,245165,0.17136556739231124
30120,90403,24416,1155,891,658,507,1228,5800,3833,3391,1534,1503,2150,1207,559,13719,5.1,4.5,7.2,5.4,8.9,16.9,11.2,17.9,8.3,14.7,78151,111613,0.20168508017960235
30121,90404,22081,1193,781,636,1247,1832,4172,3960,3275,1149,937,1275,1009,615,9808,6.1,5.9,8.5,7.3,12.5,14.2,13.5,18.6,5.9,7.5,66623,84858,0.20847233838243043
30122,90405,28915,1298,1124,1047,1125,2163,5035,4736,4439,1846,1621,2659,1249,573,14254,6.3,8.2,6.1,5.4,8.7,13.8,10.9,17.1,9.4,14.1,77948,111561,0.21166118680624957
30123,90501,43145,2876,3014,2550,2915,3418,6330,6775,5714,2859,2137,2743,1254,560,14218,5.3,4.2,9.6,10.9,11.3,17.0,14.6,15.3,7.2,4.8,61536,78420,0.20397800335625682
30124,90502,17585,1104,953,821,883,886,2319,2326,2976,1165,934,1549,1200,469,5641,5.2,1.7,8.8,8.8,12.7,21.7,13.5,17.6,5.7,4.3,64232,75947,0.18957961367789086
30125,90503,45986,2886,2740,2716,2614,2985,5719,5921,7707,3135,2373,3613,2408,1169,17270,5.5,3.6,7.4,6.0,9.0,17.2,13.4,17.6,11.5,8.7,76431,94340,0.19626337110636666
30126,90504,33279,1685,1649,2020,2303,2453,3600,4877,6123,1923,1616,2682,1659,689,11465,4.1,3.5,7.4,7.5,12.9,15.5,14.7,18.5,9.5,6.4,73380,88034,0.1929631204847355
30127,90505,36904,1888,2270,2342,2187,1697,4294,4476,6104,2934,2033,2967,2258,1454,14195,3.3,3.3,6.4,7.7,8.4,14.2,12.7,22.1,10.8,11.1,86588,105771,0.1870324069378233
30129,90601,34203,1973,1805,2447,2430,2644,4759,5046,4732,1939,1709,2340,1584,795,11058,4.4,2.8,7.2,9.2,10.8,18.4,15.2,16.2,8.4,7.3,71366,89197,0.1945540548510764
30130,90602,27421,2053,1768,1926,2733,2572,4310,3681,3382,1187,1108,1478,748,475,8116,5.0,5.7,13.5,11.4,15.8,17.0,11.2,11.0,5.8,3.6,48109,66575,0.2131103940605369
30131,90603,20221,923,1496,1189,1602,1603,2330,2773,3030,1236,1050,1562,1003,424,6492,4.6,2.1,5.3,3.7,6.7,17.7,14.2,24.5,13.5,7.6,88862,101885,0.1712028101869276
30132,90604,40977,2875,2832,2456,2948,3003,6199,5286,5679,2663,2105,2746,1457,728,11940,4.2,4.5,8.0,8.9,11.2,20.7,14.7,18.6,6.5,2.6,65295,76686,0.18634754620566077
30133,90605,41643,2964,2709,3268,3146,3079,6478,5725,5542,2455,1822,2239,1550,666,10551,3.1,3.4,9.1,9.2,12.3,18.7,13.5,19.4,6.8,4.6,65952,84522,0.18991108671789242
30134,90606,32697,1772,2070,2113,2470,2639,4922,4732,4127,2074,1942,1968,1292,576,8539,3.9,4.4,8.0,9.8,13.0,20.2,15.9,15.6,6.1,3.1,64393,74385,0.1887415793222753
30136,90621,35245,2799,2770,2223,2013,2932,5487,5461,5248,2164,1222,1595,952,379,10039,5.8,4.5,10.7,9.7,13.1,19.2,14.7,11.2,6.0,5.2,56201,72946,0.20806821268150005
30138,90630,49145,2241,2497,3540,3466,3740,5297,6195,8763,3670,2765,3470,2815,686,15961,2.8,2.3,3.9,6.1,11.0,18.6,15.7,21.6,9.8,8.1,81889,99149,0.17413516083029631
30139,90631,69151,4883,4814,4412,4644,5072,10853,8569,9562,4210,3350,4581,2847,1354,21351,4.5,3.0,8.2,8.7,12.4,18.1,13.4,18.1,6.3,7.3,67797,90138,0.19703801665405
30140,90638,49819,2835,2706,2741,4038,5036,5883,5829,6665,3337,2529,4256,2750,1214,14517,3.5,4.0,8.3,5.7,11.7,15.1,14.5,20.4,10.2,6.6,78373,93475,0.1898219454396705
30141,90640,63521,4388,3295,3820,3988,5176,9451,8581,8031,3617,3710,4782,3158,1524,19826,4.0,7.0,15.4,12.3,14.6,17.5,10.5,12.1,3.7,2.7,45898,61824,0.2092836119037913
30142,90650,106659,7460,7294,7922,7718,9421,14852,14964,14667,6028,4700,6617,3335,1681,27225,4.8,4.1,8.0,7.9,14.9,22.7,16.2,15.7,4.1,1.6,59756,70046,0.1796190450313372
30143,90660,63815,4482,4280,4351,4629,4821,9265,8411,8075,3834,3242,4498,2853,1074,16594,5.0,4.9,9.4,9.5,15.1,21.4,14.9,14.7,3.6,1.4,55758,65675,0.18588305789855353
30144,90670,15998,935,1217,1118,1056,1253,2061,2022,1956,1059,1034,1009,844,434,4638,4.0,7.9,12.4,6.9,14.0,16.5,13.1,18.3,4.7,2.2,54674,70209,0.20023942562538577
30146,90701,16785,713,859,1122,1175,1396,2116,2658,2359,1299,876,956,853,403,4558,5.0,5.3,7.0,10.2,12.9,22.2,9.3,19.2,4.5,4.3,60749,74196,0.19649927318211008
30147,90703,50276,2069,2515,3113,3240,3235,5082,6437,7216,3714,3569,5794,2938,1354,15145,2.2,2.4,4.4,6.1,10.2,15.4,14.1,21.6,12.6,10.9,89720,108951,0.17516128559208113
30148,90704,3906,315,256,320,309,269,507,544,486,258,212,290,73,67,1340,2.8,3.9,9.9,10.6,16.0,18.4,8.5,17.3,5.2,7.3,60333,90788,0.20360910543130992
30149,90706,77756,5779,5678,6117,6482,6503,11273,10338,9907,4790,3648,4165,2124,952,23176,5.9,6.8,10.5,10.6,17.4,19.4,11.6,11.6,3.5,2.7,48823,63703,0.2042498995419111
30150,90710,27457,1633,1757,1839,1937,2352,3618,3634,3878,1693,1501,2187,979,449,8922,6.0,5.0,10.5,10.3,15.0,18.6,12.1,12.3,6.8,3.4,52294,68857,0.20786038972798726
30151,90712,32451,1708,2206,2123,2327,2242,3881,4519,5036,2558,1930,2115,1344,462,10605,3.2,2.8,4.5,7.0,12.2,16.6,15.9,24.5,7.9,5.5,80150,89259,0.1741136918972055
30152,90713,28699,1900,1643,1909,2071,1986,3113,4360,4569,2252,1409,1848,1126,513,9360,2.9,1.2,4.8,6.5,8.0,16.9,18.9,24.8,11.2,4.7,86543,96627,0.16224711236493317
30153,90715,19753,1280,1036,1305,1332,1702,2752,2979,3021,1320,1107,971,831,117,5865,2.7,3.2,6.3,11.2,15.4,18.8,17.0,17.3,5.2,2.9,63604,76786,0.17893412512546006
30154,90716,14382,1283,1049,1101,1042,1345,2194,2182,1511,677,576,837,423,162,3856,7.6,8.0,20.5,11.5,19.1,17.5,8.3,6.3,0.9,0.4,37543,45240,0.19822409118574671
30155,90717,21816,1296,1132,1139,1282,1303,3082,3334,3763,1794,1112,1227,923,429,8536,7.6,6.5,9.4,9.4,11.2,19.3,11.2,14.2,5.9,5.2,56103,72851,0.21571131325805107
30157,90723,55023,4118,4568,5102,5337,4632,7709,8543,6688,2777,1826,2416,885,422,13844,6.2,6.2,12.1,12.7,16.5,20.0,12.4,11.3,1.3,1.0,45792,55684,0.1917003545303595
30158,90731,62028,4130,3911,4086,4494,4483,8877,8574,9559,4197,3261,3848,1833,775,22189,6.8,6.8,12.5,10.2,12.9,17.1,11.2,13.0,5.7,3.9,50879,67148,0.21842368969624776
30159,90732,21417,1111,1396,1082,978,1051,2572,2443,3439,1712,1296,2038,1527,772,8431,2.6,3.4,7.4,7.8,9.0,13.3,14.4,21.8,10.4,9.8,84679,103011,0.1865284824152046
30163,90744,57963,5308,5161,4970,4831,5311,8737,7587,6948,2817,1930,2438,1519,406,14272,6.8,6.4,15.8,13.5,14.2,19.1,11.2,8.7,2.9,1.4,41569,56234,0.2065563000228676
30164,90745,58186,3421,3154,3701,4133,4768,8246,7031,8742,3666,3054,4522,2755,993,15126,3.5,4.4,9.3,6.7,10.1,18.7,16.0,20.3,6.6,4.4,71443,82038,0.18676854838709678
30165,90746,26523,1497,1365,1502,1560,1892,3584,3180,3758,1724,1601,2801,1558,501,8047,3.1,1.9,8.0,6.6,10.0,18.4,15.7,24.5,7.3,4.4,77260,86772,0.17378941552776966
30167,90755,11440,919,679,804,909,1029,1596,1767,1670,718,478,517,251,103,4028,6.2,4.3,9.3,6.7,15.3,15.7,15.9,13.9,5.8,7.0,65935,80285,0.2074124636745237
30168,90802,39155,2323,1352,1653,1425,3101,8826,6537,5412,2445,2372,2289,1029,391,20636,9.8,9.1,12.8,10.8,12.8,16.3,10.9,10.1,3.2,4.2,42829,62871,0.2312109966930386
30169,90803,31709,744,1157,1098,970,1561,6847,4305,4791,2317,2195,3714,1400,610,16995,4.0,2.5,6.5,7.6,10.1,19.1,12.5,17.3,9.0,11.4,75197,111890,0.19392333973948325
30170,90804,41007,2809,2670,2198,2950,4995,7956,5881,5536,2103,1493,1438,673,305,14682,9.0,7.4,13.7,9.5,15.9,19.4,10.8,8.5,3.2,2.4,44877,57190,0.2155445616991088
30171,90805,95127,8321,7631,7044,8155,9286,14071,12516,12569,4779,3887,4511,1690,667,26108,8.6,7.2,13.6,10.0,15.9,17.3,13.2,10.1,3.0,1.2,44815,57370,0.208851386288669
30172,90806,42498,3114,3284,3256,3777,3214,6232,5984,6024,1951,1844,2168,1288,362,12403,7.6,8.4,14.4,12.2,11.1,20.2,8.9,9.8,5.0,2.2,44144,58122,0.22059090521286584
30173,90807,33763,2188,1733,1956,1825,1932,4917,4489,5125,2928,1988,2691,1286,705,12677,3.4,3.3,8.1,5.9,12.8,18.1,14.4,16.7,8.2,9.0,72010,94533,0.19396114327883743
30174,90808,39428,2119,2316,2619,2554,2018,3735,6117,6498,3231,2338,2920,1914,1049,14119,2.6,2.1,5.1,4.2,8.8,13.4,15.6,24.4,12.0,11.9,96360,113856,0.1701856606801501
30175,90810,36936,2838,2611,2804,3331,2900,5030,4934,4582,1755,2043,2329,1306,473,9179,6.4,6.5,12.6,11.7,13.1,17.2,13.9,12.7,3.5,2.4,49517,62513,0.2075549340390553
30176,90813,60078,6018,5280,5004,5302,5374,10117,8136,6369,2679,2019,2412,966,402,16575,8.8,12.6,18.2,16.6,16.7,14.0,6.8,4.4,1.4,0.5,30936,40515,0.20950649784417327
30177,90814,19264,834,869,839,931,1390,3937,3580,2824,965,1025,1295,502,273,9263,6.3,4.9,9.2,10.2,13.1,19.1,11.6,12.2,7.8,5.6,55116,75982,0.21235914451799331
30178,90815,40462,2307,1865,1996,3903,3895,4377,5419,5830,2696,2310,3045,1713,1106,14479,4.9,3.0,6.0,7.6,8.2,18.2,14.0,19.0,10.2,8.9,78137,96996,0.19087057035871277
30181,91001,37163,1942,2055,2082,2604,2333,3989,4822,6257,2965,2339,3401,1669,705,12725,3.9,2.9,7.9,5.1,8.2,15.5,13.4,17.9,10.2,14.9,86310,118031,0.19205125682522506
30182,91006,31728,1281,1583,2567,2136,1959,3153,4037,5457,2595,2133,2401,1493,933,10435,4.2,2.7,8.6,7.3,8.4,13.7,10.6,18.8,9.8,15.8,83986,118332,0.1976722804944108
30183,91007,34598,1125,1772,2622,2076,2049,3211,4631,6202,2494,1958,3327,1828,1303,11808,6.0,5.5,7.6,8.9,9.9,14.0,10.6,17.7,9.9,9.8,71557,96297,0.2103176906539941
30184,91008,1132,33,16,20,30,64,80,74,171,72,75,206,107,184,468,5.8,3.2,3.8,5.3,7.1,16.0,14.3,15.4,12.2,16.9,90000,145260,0.18990676652892563
30185,91010,25840,1362,1343,1728,1751,1909,3481,3238,3614,2030,1277,2074,1253,780,7875,5.6,4.6,10.3,8.7,11.6,18.6,12.0,17.7,7.2,3.5,60793,75029,0.20090929203539826
30186,91011,20721,972,1248,1546,1953,1447,1307,2007,3577,1884,1334,1921,1139,386,6604,1.7,1.3,3.9,4.0,5.0,7.1,6.2,18.2,13.2,39.4,156933,223576,0.14018065429062365
30187,91016,42090,3157,2547,2174,2483,2469,6653,5908,6383,2853,2595,3035,1275,558,14476,4.7,3.4,8.6,7.3,10.9,18.1,11.9,20.2,6.9,8.0,70307,93215,0.1972548959519015
30188,91020,8438,303,520,733,456,512,1238,1106,1312,734,385,600,307,232,3216,2.8,4.9,7.4,8.3,14.6,18.6,10.2,24.3,4.8,4.0,69067,79710,0.1853123789567261
30189,91024,11084,624,791,677,331,313,1022,1637,1881,856,1009,1243,500,200,4538,2.6,3.3,6.9,4.5,8.6,13.7,14.3,18.5,9.8,17.7,92384,124192,0.1856961936910721
30190,91030,25967,1511,1627,1820,1698,972,3569,4235,3966,1617,1522,1965,997,468,10260,4.2,1.9,6.8,5.4,10.8,19.1,13.1,14.9,9.7,14.4,79089,113922,0.19456041007467406
30191,91040,19969,1235,832,851,923,1217,2462,2511,3781,1689,1392,1800,874,402,7085,4.2,5.1,8.2,8.4,10.8,15.1,14.9,18.1,7.7,7.6,71411,86844,0.20059060660731706
30192,91042,27298,1005,1350,1611,1463,1794,4310,3386,4001,2408,2181,2270,1069,450,9977,6.4,6.7,7.8,11.1,14.1,16.2,12.5,13.6,6.3,5.2,58020,74316,0.21355576330459475
30194,91101,20936,1125,542,640,991,1776,5844,3042,2142,932,805,1160,1113,824,10803,9.7,8.8,8.1,6.0,9.3,17.6,13.1,16.6,6.0,4.8,61180,74233,0.21788700817139328
30195,91103,27819,1357,1598,2012,1920,2290,3944,3801,3886,1815,1483,1863,1079,771,8324,5.9,5.7,11.3,8.9,10.5,14.5,12.0,13.4,6.4,11.4,62037,100377,0.22262969715232797
30196,91104,38976,2717,2332,2053,2046,2445,6147,5690,5661,2388,2184,2968,1802,543,12964,4.9,4.6,9.8,5.4,11.7,14.8,11.5,17.4,8.5,11.4,71429,98374,0.20724439896000443
30197,91105,11413,516,380,430,325,375,1533,1510,1662,996,701,1671,927,387,5354,3.9,3.4,4.1,5.3,7.7,12.9,9.9,14.0,13.6,25.3,107209,165505,0.18176096722770843
30198,91106,25243,1354,785,1142,1502,2263,5503,4227,3052,1217,1384,1544,845,425,10578,6.7,4.1,6.0,7.3,9.2,16.8,13.9,17.4,6.6,11.9,74756,115974,0.20415464574786563
30199,91107,31722,1877,1656,1364,1617,1316,4699,4715,4428,2211,2390,2938,1684,827,12406,5.3,4.2,5.0,6.6,9.3,14.8,12.2,18.7,9.1,14.8,83904,116739,0.19730825492409987
30200,91108,13654,744,963,1054,744,673,886,1586,2278,1265,945,1306,792,418,4646,6.2,1.4,3.7,3.8,5.0,6.8,10.7,16.6,11.9,34.0,134286,213139,0.16362592845162835
30201,91201,23092,1045,985,1090,1100,1430,3795,3347,3278,1990,1655,1518,1442,417,8183,5.1,6.5,16.3,9.6,13.1,16.7,10.1,12.9,4.5,5.2,49215,71011,0.22122589040077328
30202,91202,23148,783,981,1209,973,1437,3698,3260,2998,1758,1675,2330,1347,699,8716,4.6,5.8,13.5,6.1,12.1,14.0,11.6,16.4,7.6,8.2,63037,86859,0.21499430401182304
30203,91203,13680,507,943,713,596,848,2280,2264,2028,832,776,1082,575,236,4812,4.0,8.7,15.4,13.5,14.5,13.0,11.2,11.8,4.9,2.8,41400,62214,0.21814836771154783
30204,91204,17053,1038,757,839,679,1435,2994,2335,2544,1065,1021,1003,923,420,5824,7.2,9.2,15.8,9.0,17.5,17.8,10.9,7.9,2.4,2.1,42277,53496,0.21299767333643554
30205,91205,38322,1966,1713,2049,2145,3035,5869,5305,5524,2582,2151,3099,1850,1034,14193,5.7,12.2,18.8,11.8,14.0,15.1,9.3,8.8,2.9,1.6,36971,51949,0.22227524351432154
30206,91206,34038,1721,1371,1385,1405,1910,5538,4473,5031,2546,2070,3424,2245,919,12925,4.8,7.3,12.6,10.0,12.8,14.6,11.9,12.3,6.8,6.9,52277,77591,0.22224554871031074
30207,91207,10359,523,410,472,570,495,1106,1256,1476,1093,836,975,711,436,3962,1.9,5.0,11.1,5.7,8.1,12.1,10.6,16.8,10.1,18.7,89333,128509,0.20010382786495484
30208,91208,17164,1576,1112,766,900,674,1981,2600,2497,1373,1277,1287,866,255,5847,3.9,3.0,5.8,5.6,6.9,12.7,10.5,20.7,13.7,17.3,103860,123682,0.18234367936983906
30209,91210,727,63,36,193,30,48,34,234,66,6,11,0,6,0,258,3.9,9.3,4.7,0.0,15.1,0.0,5.8,5.0,15.9,40.3,158162,188641,0.17258669077757685
30210,91214,30965,1690,1667,2063,2270,1657,3297,4307,5333,2567,1720,2468,1171,755,10453,3.8,2.0,4.9,6.7,7.7,15.7,17.2,19.1,11.4,11.5,87612,106358,0.18074996265126236
30211,91301,26293,1169,1303,2124,1888,1308,2735,3167,4960,2398,1784,2442,668,347,9246,1.8,1.3,3.8,4.9,6.6,16.4,9.4,20.7,14.1,20.9,114417,140838,0.1650777711129956
30212,91302,25431,925,1935,2103,2065,1598,1639,3219,4361,2224,1596,2394,1163,209,9135,5.8,2.3,3.4,4.8,9.3,9.2,8.8,17.6,8.7,30.1,114688,183557,0.18009016130326616
30213,91303,29471,2231,2139,1881,1795,2586,6296,4545,3580,1541,926,1220,610,121,9466,5.9,6.7,11.7,15.4,13.1,17.3,13.4,11.8,3.4,1.2,45793,58928,0.20212303253998554
30214,91304,53853,3241,3392,4249,3474,3454,7711,7868,7996,3357,2326,3545,2167,1073,16999,6.0,4.5,9.9,10.0,11.8,17.9,12.5,15.2,7.4,4.7,61339,78105,0.20709598370780896
30215,91306,49532,3024,3230,2455,2804,3975,8159,7493,6759,3432,2967,2945,1637,652,14447,4.4,5.1,8.2,10.9,12.4,17.6,14.9,18.7,4.9,2.9,61529,74726,0.19189149096902688
30216,91307,26219,1141,1512,1769,2013,1476,2220,3434,4806,1959,1615,2220,1559,495,8581,2.3,1.9,6.1,6.4,7.5,12.7,13.0,22.5,12.2,15.3,100075,122271,0.17609183696821293
30217,91311,38505,1565,1611,2158,2381,2391,4831,4876,6344,2991,2851,3710,1963,833,13715,4.5,3.5,6.1,6.5,10.4,15.7,15.0,18.8,8.7,10.9,80593,105871,0.19333213256484152
30218,91316,28837,1440,1241,1450,1329,1586,5344,3875,3462,1702,2467,3024,1339,578,12335,7.1,4.9,9.1,8.2,10.7,19.0,10.2,12.8,8.5,9.5,61539,98232,0.21810833788789702
30220,91321,34178,2387,2784,2288,2596,2634,5034,4204,4290,2028,1468,2281,1171,1013,10973,4.7,4.5,9.6,9.1,14.6,16.9,12.1,16.0,6.1,6.4,59549,83203,0.20601551328092138
30221,91324,28497,1850,1264,1734,2039,2829,4201,3518,3338,1653,1802,2050,1593,626,9552,9.1,4.9,6.4,9.4,11.0,18.4,10.7,14.8,7.7,7.7,61958,82754,0.217076160815402
30222,91325,33197,1712,1533,1755,2600,4239,4933,3734,4521,1820,1763,2161,1687,739,11775,9.8,3.9,6.6,8.3,11.6,18.8,13.0,12.8,6.3,8.8,60774,84862,0.21695874331635398
30223,91326,36921,1953,2231,2257,2606,1710,3594,5149,5575,2668,2671,3645,1997,865,12357,5.0,2.4,4.2,5.1,7.7,12.4,12.1,22.8,12.2,16.2,101073,124058,0.17967641188478117
30225,91331,102266,7870,7712,6929,7999,8975,17067,13862,13262,5246,4287,5160,2988,909,22406,5.0,5.8,11.8,11.1,14.1,21.0,15.2,12.0,2.9,1.2,51986,61216,0.19022394533327885
30226,91335,78230,5058,4622,4493,5372,6754,11135,11075,11945,4477,4296,4116,2985,1902,23433,7.1,7.2,12.2,10.0,12.4,16.7,12.8,13.7,4.9,3.0,51206,66034,0.21448264857634244
30227,91340,35481,2630,3030,2532,2616,2809,6368,5097,4044,1884,1382,1917,750,422,8341,4.8,7.1,11.3,9.6,13.2,22.6,11.6,14.6,3.3,1.8,54182,64743,0.19581684276680153
30228,91342,93466,6105,6113,7362,8095,7583,12725,13942,12038,5472,4356,5543,2989,1143,24189,4.3,4.5,9.8,8.3,15.3,18.4,14.5,16.8,5.8,2.4,60361,72201,0.19153653692023553
30229,91343,64149,4824,4776,4633,4570,5414,9667,9126,8845,3743,2784,3154,1852,761,17294,5.9,5.7,10.9,10.8,12.5,16.7,11.9,14.6,6.2,4.8,55956,75194,0.2130353292996731
30230,91344,54566,2680,2893,3558,3785,3749,6320,7009,8858,3727,3308,4884,2454,1341,17049,2.5,3.3,6.3,7.4,11.1,15.9,15.3,20.1,9.6,8.5,79680,98765,0.1850401754290974
30231,91345,18276,1001,946,992,1139,1711,2319,2436,2678,1384,889,1501,904,376,5125,6.2,2.8,8.0,10.2,11.4,22.4,15.5,15.2,5.8,2.5,61728,75151,0.1889054930117458
30232,91350,36520,2439,2634,2694,2792,2293,4204,5448,6026,2515,1787,2382,836,470,11272,2.4,1.7,4.0,3.8,8.7,13.9,15.2,26.1,13.5,10.6,100387,113590,0.1620388173070202
30233,91351,33071,1960,2029,2707,2820,2403,4359,4680,4950,2155,2027,1878,851,252,10113,3.3,3.5,7.4,8.9,12.2,18.6,15.5,18.7,7.8,4.2,68197,83380,0.18601094958243117
30234,91352,47543,3218,2816,3247,3651,3911,7879,6012,6014,3258,2602,2793,1454,688,12270,5.2,6.2,13.1,9.0,15.1,19.7,12.4,12.4,4.3,2.8,51154,64790,0.20503693533415837
30235,91354,29340,2043,2450,2332,2203,1516,2859,4651,5100,2153,1412,1675,762,184,9659,1.8,1.7,4.2,3.1,5.3,11.2,14.6,26.8,15.0,16.3,112524,128798,0.15397575023999335
30236,91355,34188,1732,2373,2454,2404,2278,4341,4628,5565,2149,1843,2474,1131,816,12700,3.4,3.5,3.3,5.8,7.1,17.5,18.3,18.4,11.2,11.5,88861,106771,0.1783000944944547
30237,91356,29467,1623,1384,1795,1646,1437,3981,4101,4509,1722,1967,2572,1614,1116,11259,6.8,4.3,7.5,7.0,12.0,15.6,11.4,14.9,7.7,12.8,68078,110939,0.21326456642400918
30239,91361,20831,806,900,1335,1673,852,1712,2072,3223,1901,1661,2717,1422,557,8539,4.1,2.0,4.2,5.7,7.3,10.7,13.0,19.5,10.8,22.6,104807,156405,0.17757888138042421
30240,91362,35546,1237,2396,2333,2640,1781,3346,4167,6417,2915,2582,3425,1579,728,13592,3.7,2.5,5.9,3.7,7.2,11.2,13.3,20.0,12.2,20.4,103958,139324,0.1776451925562161
30241,91364,27100,1774,1667,1369,1470,1462,2847,3790,3999,1932,1935,2400,1622,833,10243,4.8,2.2,5.7,8.0,8.2,12.2,12.2,18.7,12.3,15.8,92830,121929,0.19085228993186984
30242,91367,42578,2246,2443,2190,2362,2210,6400,5952,6161,2913,2777,3770,1970,1184,17489,6.2,2.7,5.0,6.0,9.6,18.4,11.1,17.3,10.3,13.5,80083,107372,0.19669959780063132
30244,91377,15087,904,860,1600,1268,643,1170,1943,2805,1534,925,956,342,137,5388,3.1,1.3,2.5,5.1,5.1,11.4,11.3,22.5,9.7,28.0,120696,154055,0.1604657530266344
30245,91381,20405,1156,1689,2370,1732,947,1747,3254,4210,1052,743,927,407,171,6540,2.2,1.5,1.8,3.6,7.7,11.3,11.7,23.2,12.9,24.0,114610,154109,0.15595029457973292
30246,91384,29788,1331,1701,2487,2615,2897,4688,4475,4995,1663,1275,978,416,267,7060,2.2,1.7,3.4,5.5,7.3,15.4,13.7,29.2,13.4,8.2,101505,109780,0.15777666357385864
30247,91387,43502,3136,3446,3455,3446,2550,6408,6194,6648,2728,1859,2475,885,272,13470,3.9,2.4,3.6,6.5,9.5,17.3,18.1,20.4,10.3,7.9,82745,99864,0.1760410355712353
30248,91390,20473,1081,1286,1918,1704,987,1656,2853,3785,1988,1087,1319,657,152,6420,2.2,1.2,3.8,4.0,8.5,12.5,14.7,21.2,15.3,16.5,106374,124234,0.16401861456024447
30249,91401,41217,2858,2059,2537,2389,2820,7573,6558,5618,2727,1934,2299,1252,593,14904,5.5,8.4,11.2,10.5,14.1,16.8,10.6,12.8,5.4,4.7,50418,68812,0.2189825493729543
30250,91402,71894,6068,5489,5708,5558,5775,11779,10163,9103,3381,3163,3208,1837,662,18662,6.6,8.8,16.2,15.6,15.2,15.8,8.9,9.1,2.8,0.9,37190,50677,0.21180371146071797
30251,91403,24613,1449,1155,821,742,1223,4198,4180,3730,1625,1356,2149,1283,702,11336,4.2,5.3,6.2,7.7,11.7,11.7,12.4,17.2,8.7,14.9,80890,125177,0.20407239871382635
30252,91405,53347,3968,4003,3418,3656,4288,8648,7879,7581,3088,2280,2509,1382,647,16953,7.5,7.9,15.9,13.6,17.5,14.8,10.6,7.4,2.8,2.1,39013,53494,0.21672553372378617
30253,91406,54364,4547,3492,3614,3537,3303,8883,8766,7088,2892,2642,3199,1606,795,17749,6.1,7.5,11.5,10.4,14.5,17.7,11.7,12.9,4.2,3.5,49835,66396,0.21282354754199412
30254,91411,25370,1955,1858,1143,1495,1865,4763,3992,3528,1240,1059,1361,636,475,9520,6.7,7.7,14.7,11.2,13.0,16.4,10.5,11.8,3.9,4.2,45667,66209,0.22377794957183633
30255,91423,33347,2197,1402,1608,1057,1658,6631,6147,4543,2311,1701,2471,1177,444,15184,4.3,2.2,7.4,6.7,10.2,17.3,11.5,16.1,9.3,14.9,79028,121304,0.19758940531763755
30256,91436,13970,723,802,870,761,568,1063,1676,2097,1054,1170,1635,781,770,5382,3.9,1.3,5.2,3.3,6.0,6.7,8.6,20.1,8.0,36.9,135585,201420,0.15823910529739108
30257,91501,20855,1264,1249,869,1233,1173,3865,3011,3039,1110,1063,1683,1023,273,7760,5.3,4.3,11.7,11.6,11.8,15.4,13.9,12.3,6.9,6.7,60158,78942,0.21467503820344164
30258,91502,12011,528,543,657,734,638,2789,1449,1426,386,641,707,1089,424,5241,9.7,14.0,14.6,7.6,10.8,16.4,9.8,10.8,4.3,2.1,40057,56228,0.23568601853502047
30259,91504,25469,1603,1366,1304,1740,1544,3717,3823,3746,1908,1131,1757,1378,452,9314,2.9,2.4,8.2,7.9,13.0,18.8,13.0,15.3,10.1,8.4,70608,92052,0.1942391526288923
30260,91505,31273,1822,1744,1837,1422,1942,5313,5416,4801,1840,1434,2159,1059,484,12978,6.6,3.5,5.9,7.5,9.7,15.8,17.3,18.9,8.7,6.2,76357,88658,0.1933477292051485
30261,91506,18272,1371,882,853,868,694,2168,2929,2990,1321,1082,1827,769,518,7208,5.0,4.4,7.0,6.0,12.4,17.9,13.4,17.5,8.7,7.6,71495,89820,0.19749281026688062
30262,91601,38754,2019,1791,1529,1293,3962,10135,6928,4711,1817,1531,1678,973,387,16615,6.0,8.9,10.4,10.1,15.7,19.0,10.4,10.9,5.3,3.4,48499,64510,0.21550019470404977
30263,91602,18304,1046,512,728,437,856,4215,3363,3047,1274,961,1284,335,246,9276,4.7,3.4,8.4,10.2,10.5,16.9,13.5,16.8,5.7,9.8,65920,92651,0.20433601300428555
30264,91604,30269,1727,1618,1310,1038,1578,5530,5163,4911,1729,1746,1910,1397,612,14297,4.3,2.8,6.7,5.7,8.1,14.1,12.5,16.9,8.0,20.9,90801,136128,0.193403191563012
30265,91605,55665,3299,3590,3735,4197,4861,9062,7822,7712,3160,2698,3393,1432,704,15694,8.5,7.9,15.5,10.9,14.8,17.2,10.6,9.7,2.5,2.3,42254,55959,0.21839408064443133
30266,91606,44773,2594,2646,2646,2807,3684,7808,6014,6585,2859,2147,2637,1656,690,15197,6.5,8.0,16.3,11.7,15.3,17.2,9.9,8.9,3.9,2.4,41498,56899,0.21848377736744926
30267,91607,30231,1646,1565,1399,1181,2108,5982,4679,4099,2090,1804,2157,910,611,13354,7.7,5.2,11.6,10.8,11.6,17.3,9.4,13.1,4.5,8.8,53531,82535,0.22722549482415622
30270,91702,61170,3912,4175,4038,6159,7813,9455,7620,7269,2848,2613,3255,1422,591,14794,4.6,4.1,10.9,10.6,14.4,19.9,14.1,14.2,4.6,2.6,55651,68586,0.19437393752069768
30271,91706,77877,5126,5150,5807,6556,6916,11425,10532,10652,4460,3465,4772,2165,851,18010,5.1,4.8,10.0,12.3,15.5,21.8,14.6,10.8,3.2,1.8,51706,62112,0.18930616197893552
30272,91708,3445,201,164,138,189,265,681,657,636,111,124,158,121,0,369,0.0,0.5,5.4,1.9,1.1,24.7,6.8,36.3,21.4,1.9,120284,112728,0.12542626498379822
30275,91711,36651,1251,2035,2606,4032,3346,3489,4207,4441,2353,2392,3487,1884,1128,11922,4.1,2.2,5.6,6.9,10.6,14.0,11.1,19.4,11.3,14.8,89161,116629,0.18976410076638536
30276,91722,35798,2691,2087,2418,2647,3247,4807,5026,5218,1946,1741,2586,1048,336,10022,2.7,2.6,8.3,7.0,14.6,19.9,18.5,19.3,5.2,1.9,66512,77932,0.17051752066115702
30277,91723,19428,1491,1428,1524,1512,1162,2965,2607,2702,962,1042,1051,543,439,6168,2.2,4.3,10.4,10.2,14.5,20.6,13.9,14.0,6.5,3.3,60911,74146,0.19101205358680304
30278,91724,26479,1333,1787,1822,2086,1993,3321,2984,4166,1888,1319,1939,1357,484,8084,4.8,2.4,6.3,6.0,10.7,19.2,12.0,24.2,8.6,5.8,76065,90612,0.18188663423739354
30280,91731,30418,1440,2175,1839,2237,2188,4680,4209,3809,1670,1743,2482,1285,661,8692,4.4,9.3,22.1,13.9,17.5,16.1,7.4,6.8,1.7,0.8,35120,46449,0.20293973107091406
30281,91732,62872,4621,4063,4217,4524,4911,9304,8993,8244,4201,2905,3887,2260,742,16430,5.8,6.5,16.4,14.0,16.6,17.5,10.4,8.0,3.0,1.8,41020,55784,0.20775245615645943
30282,91733,44313,3037,3079,2877,3308,3507,6471,6062,5904,2884,2117,2564,1743,760,11145,3.9,5.4,19.8,15.0,17.8,16.3,10.9,7.7,2.2,1.0,39379,52350,0.19648706563706564
30285,91740,26745,1177,1717,1786,1823,1857,3378,3302,4190,1990,1609,1911,1371,634,8383,5.1,2.0,7.8,7.7,11.9,22.0,14.1,17.4,8.9,3.1,67063,78637,0.18549355368766987
30286,91741,25693,1233,1710,1744,1962,1905,2419,2895,4142,2156,1552,2281,1072,622,8745,2.9,4.3,5.9,7.3,8.5,14.7,14.3,19.7,9.3,13.1,84957,112376,0.19010891189093668
30287,91744,87337,6072,6417,6643,6758,7424,13926,11269,11059,5238,4134,4782,2700,915,18358,3.8,4.1,9.5,8.9,14.1,23.1,14.4,15.4,4.4,2.2,58641,69490,0.18379976972619005
30288,91745,55184,2681,3111,3659,3248,3566,6868,7347,7545,3931,3875,5106,3162,1085,16030,3.3,2.5,5.8,6.6,12.2,18.0,15.5,18.8,9.4,8.0,78000,96382,0.18444677277233176
30289,91746,30034,1866,1744,2427,2427,2446,4237,4240,3866,1512,1440,2308,1124,397,6607,4.3,6.2,6.5,7.7,15.5,23.7,14.3,15.4,4.9,1.7,60178,68646,0.1833184599877606
30290,91748,46732,2213,2288,2192,2896,3350,6891,6053,6733,3238,3525,4370,2075,908,13476,5.7,4.1,9.5,8.7,13.9,18.7,12.5,14.9,6.4,5.6,58502,81063,0.2053677287149657
30291,91750,34052,1895,1831,1977,2251,2507,3733,3824,4737,2264,2800,3426,1964,843,11888,4.0,4.1,8.5,6.7,10.2,16.3,13.4,20.1,8.9,7.9,75635,95051,0.19492862390505794
30293,91754,34009,1908,1498,1968,1719,2240,4302,4466,4680,2586,1931,3241,2393,1077,10669,6.5,6.7,9.7,9.8,12.6,15.0,13.5,13.2,6.4,6.6,57463,79312,0.2184399677679291
30294,91755,27076,1004,979,1480,1294,1625,3614,3615,4303,2087,1852,2455,1793,975,8437,6.4,7.9,12.5,10.3,13.7,14.2,9.8,14.2,6.3,4.7,49220,69773,0.22411639866724614
30299,91764,53820,3946,4472,4389,3825,4533,9334,8156,6368,2712,2034,2289,1331,431,15163,6.9,4.5,9.8,10.5,16.9,22.7,12.7,12.7,2.1,1.3,50902,59755,0.1886825074577394
30300,91765,47598,2026,2206,3123,3256,3344,6358,5887,7387,4071,3339,4291,1579,731,14978,2.9,2.4,4.8,8.3,9.0,14.5,13.1,22.8,10.7,11.4,90522,108161,0.18085236151893697
30301,91766,72026,5310,5776,5835,6127,7132,10695,10189,8444,4121,3079,3080,1669,569,18002,7.1,4.3,10.5,10.4,17.8,19.4,13.7,10.7,3.6,2.5,49895,64011,0.19997323932377215
30302,91767,49099,3619,3547,3223,3701,4597,7535,6662,6677,2292,2176,2741,1545,784,14060,6.6,5.8,12.1,11.0,13.9,19.6,13.7,11.0,4.5,1.6,50551,62685,0.20221212984054668
30303,91768,36444,2624,2312,2293,4926,3946,4970,4370,4029,2026,1609,1711,1058,570,8220,6.1,5.6,14.3,13.3,14.9,20.4,12.1,9.1,3.1,1.2,44859,57494,0.1993086228287841
30304,91770,63758,3151,3121,3722,4096,4144,8319,8665,10124,4631,3792,5396,2936,1661,17085,5.3,6.4,14.7,12.2,13.2,19.8,10.8,10.7,4.5,2.4,46729,61564,0.20963833523933997
30305,91773,34107,1648,1803,1876,2387,2631,3800,4056,5445,1931,2516,3533,1549,932,12074,3.9,2.5,7.5,7.7,10.3,16.0,13.8,22.0,7.6,8.7,77742,96506,0.18913404455253988
30306,91775,25486,1295,1637,1585,1308,1014,3082,3877,3655,1665,1824,2231,1501,812,8270,4.3,3.8,7.8,7.2,11.1,15.1,14.4,16.7,10.8,8.9,75876,97976,0.19823059449276975
30307,91776,38127,1704,1742,2139,1943,2755,5349,5381,6602,3028,2251,2703,1791,739,11544,4.7,4.2,13.0,13.9,17.3,16.5,11.6,11.3,4.8,2.7,46746,63322,0.2052395249743549
30308,91780,35280,1993,2001,2041,2340,2024,3872,5045,5529,2763,2325,2943,1790,614,11417,4.9,3.8,10.8,7.9,12.1,18.0,13.2,16.5,6.8,6.0,63410,81483,0.20286568755370268
30310,91786,52365,3930,3420,3251,3465,4140,8635,6942,6764,3358,2192,3362,1943,963,19061,9.0,5.5,9.3,12.2,13.4,20.7,11.3,11.1,5.6,2.0,50395,62333,0.21044547083416273
30311,91789,43805,1512,1965,2868,3339,3468,4828,5070,6859,3533,3753,4307,1602,701,12853,4.4,1.9,4.4,5.7,9.7,14.6,13.0,21.6,12.9,11.7,93301,111741,0.18004486494364552
30312,91790,46566,2303,2708,3743,3529,3879,6264,6155,6318,3353,2461,2932,1848,1073,12459,2.5,2.4,7.8,8.3,13.1,19.9,17.0,19.6,6.0,3.4,70888,79988,0.17578355757690606
30313,91791,33247,2055,1990,2163,2469,2344,4352,4169,4365,2387,2007,2387,1505,1054,10010,4.7,3.8,9.5,7.5,9.9,17.2,14.2,17.9,9.5,5.9,71528,89802,0.1975261163976971
30314,91792,30063,1902,1637,1778,1995,1853,5073,3894,4131,1966,1918,2460,1050,406,8786,3.9,2.7,6.3,9.0,14.4,21.2,14.7,17.1,7.3,3.3,66489,78923,0.18255714561980277
30315,91801,54565,3083,2663,2304,2995,4158,8956,7168,8041,4344,3170,3947,2319,1417,19503,7.3,5.2,13.4,10.1,11.3,18.4,11.6,13.1,5.2,4.4,51793,69081,0.21714217146640186
30316,91803,30118,1205,1530,1743,1604,1874,4484,4209,4646,2395,1865,2653,1244,666,9641,5.5,5.9,10.8,8.3,13.1,17.6,13.3,16.2,5.1,4.2,56928,73723,0.20531605234763844
30529,92397,4753,423,366,337,356,193,648,579,721,346,157,508,86,33,1888,12.0,2.7,12.2,6.9,14.2,17.7,11.2,12.2,6.3,4.6,53095,68638,0.22361204502265752
30584,92614,26046,1542,2097,1571,1399,1530,4377,4004,3828,1479,1520,1724,672,303,9736,4.1,4.1,3.6,4.8,7.9,13.1,14.9,24.9,10.9,11.7,93918,111759,0.17693209996125533
30592,92629,26680,1155,1352,1327,1184,1230,3456,3306,4065,2526,2037,2754,1431,857,11534,2.6,2.5,6.9,6.0,9.7,16.7,10.8,19.0,9.2,16.7,87906,126925,0.18906599373310692
30615,92683,91734,4411,4592,5994,6057,6551,11988,12380,13771,6059,5213,7806,5177,1735,27337,5.1,6.2,11.8,9.5,14.3,16.3,11.7,13.6,6.8,4.7,53378,74202,0.21350799218231953
30636,92821,37615,2231,2283,2370,2367,2972,5009,5230,5252,2475,2290,2722,1541,873,13230,2.6,2.2,7.2,6.1,10.1,16.8,15.2,21.1,10.2,8.5,81477,98775,0.180771467556898
30656,92880,63696,5986,6180,4680,4790,3921,9049,11172,7487,3225,2484,2939,1459,324,15889,2.0,2.2,4.7,5.0,8.1,13.2,13.9,27.2,16.3,7.5,101425,107998,0.16113226571767497
30688,93105,25632,1169,1050,1295,1341,1497,2937,2908,3492,1757,2126,2734,1811,1515,10806,3.6,4.7,6.1,7.2,11.2,12.8,12.1,16.9,9.3,16.1,85948,114283,0.19972800079590114
30804,93510,7462,376,388,421,440,633,516,801,1488,865,474,736,300,24,2520,4.0,2.3,6.4,4.6,10.0,14.4,16.3,19.6,12.9,9.4,86944,102268,0.18188903334353015
30821,93532,2557,79,87,201,254,87,277,236,540,286,177,219,75,39,962,16.4,1.0,6.3,12.7,7.5,20.7,13.2,15.0,5.0,2.2,55000,67607,0.214299098961515
30822,93534,38431,3249,2346,2589,2573,3532,5790,4309,4924,2014,2213,2842,1493,557,14056,15.6,9.5,13.3,11.1,16.2,16.3,8.5,6.4,2.5,0.7,35434,45556,0.22808001304560518
30823,93535,73979,6738,6759,7084,6977,5305,9615,9453,8941,3987,3045,3859,1710,506,20901,14.2,5.2,11.0,12.3,16.9,18.9,10.9,7.5,1.9,1.2,40588,50801,0.21302520365341893
30824,93536,71254,4195,4562,5267,5682,4322,10542,10119,10831,4905,3860,4065,1891,1013,20910,8.7,3.6,5.7,7.0,11.1,17.1,16.2,19.3,5.9,5.4,70195,81702,0.19755226743820367
30826,93543,13720,1101,882,1386,1200,1185,1604,1511,1965,1083,468,876,333,126,3599,5.9,5.4,7.6,10.0,18.4,19.3,16.5,9.8,4.9,2.2,53241,65603,0.19337638974675722
30831,93550,75088,7804,6599,6961,6637,6333,10229,9290,9345,3973,2669,2853,1744,651,20648,11.6,8.4,14.5,11.5,16.2,16.6,11.4,6.7,2.1,1.0,37669,48886,0.21586525692103378
30832,93551,50100,2972,3376,3707,4111,3137,5422,6128,8499,3954,2746,3584,1755,709,15845,3.0,2.8,6.3,5.1,11.0,16.4,15.8,21.1,12.2,6.3,84486,96781,0.17777042404723564
30833,93552,42630,3634,3970,4254,4146,3440,5362,5877,5835,2039,1475,1653,758,187,9937,3.3,4.3,10.9,12.2,14.9,23.5,16.1,11.3,2.5,1.0,54132,63523,0.17621267960061693
30841,93563,387,0,0,0,13,29,48,57,48,84,27,50,17,14,137,6.6,17.5,12.4,2.9,0.0,20.4,16.1,10.2,3.6,10.2,57417,76869,0.23644387686062243
30842,93591,6781,376,650,660,761,252,774,917,1003,335,235,607,185,26,1916,10.8,6.2,10.1,14.0,25.2,18.1,4.5,8.8,1.0,1.4,40805,49601,0.2035718934309539
